Study_number,Site_ID,Latitude,Longitude,R,p_R,Q,p_Q,Ts_mean,Q10_Rs,obs,Q_Rh,p_Q_Rh,Q10_Rh,obs_Rh,Q_Ra,p_Q_Ra,Q10_Ra,obs_Ra,IGBP,Ecosystem,IGBP_group,barren_yn,ClimateTypes,MiddleClimate,Ecosystem2,warner_rs,Q10_diff,IGBP_FromPaper,
17,GB-ROT,52.25,-0.25,0.640931782,4.00E-04,0.078378799,2.00E-04,NA,2.189751322,22,0.074237225,0.001,2.100913498,22,0.091354117,6.00E-04,2.49313553,22,CRO,Agriculture,CRO,0,Cfb,Cf,Agriculture,386.0225869,0.392222032,CRO,
114,JP-NAR,35.25,135.25,0.983942509,0,0.07525533,0,13.13333333,2.122412255,36,0.070574469,0,2.025354393,36,0.087611323,0,2.401547281,36,EBF,Forest,MF,0,Cfa,Cf,T&B FOR,455.3703966,0.376192888,EBF,
243,JP-NAR-BEECH,3,102.5,0.74488732,0,0.087842442,0,15.10555556,2.407104144,24,0.084475061,0,2.32739731,24,0.096618426,0,2.627897923,24,ENF,NA,NA,NA,NA,NA,NA,NA,0.300500613,ENF,
243,MY-TRF,3.25,102.75,0.561501928,0.1729,0.078504409,0.0158,15.10555556,2.192503612,12,0.061950627,0.0777,1.858010457,12,0.133740128,0.013,3.809131761,12,ENF,Forest,EF,0,Af,A,Tropic FOR,833.1081327,1.951121304,ENF,
313,US-TOR-CK,36.25,-84.25,0.551450652,1.00E-04,0.042803298,3.00E-04,14.1573913,1.534236684,23,0.081077821,0,2.249658011,23,0.039878478,0.001,1.490012899,23,DBF,Forest,DF,0,Cfa,Cf,T&B FOR,475.1225685,-0.759645113,DBF,
316,JP-FUC-CK,34.75,132.75,0.868732837,0,0.089792157,0,13.71944444,2.454496304,36,0.058746561,0,1.799422189,36,0.134738876,0,3.847366019,36,ENF,Forest,MF,0,Cfa,Cf,T&B FOR,425.507015,2.04794383,ENF,
594,AU-SRT,-36.25,145.25,0.291446106,0,0.088465314,0,21.31714286,2.422144108,7,0.118333273,0,3.265238243,7,0.028497858,0,1.329733541,7,CRO,Grassland,GRA,0,Cfa,Cf,Grassland,431.9577636,-1.935504702,CRO,
924,DE-LOS-CK,51.75,9.75,0.355137536,0,0.131571281,0,12.42107143,3.72740697,28,0.089589478,0,2.449526601,28,0.187246447,0,6.504306343,28,DBF,Agriculture,CRO,0,Cfb,Cf,Agriculture,397.2496424,4.054779742,DBF,
961,IN-KAI,29.75,79.75,0.192766645,0.0416,0.067120859,0.0109,17.0325,1.956600621,12,0.069686131,0.0148,2.007442072,12,0.060948689,0.0037,1.839487296,12,GRA,Grassland,GRA,0,Cwa,Cw,Grassland,442.3047204,-0.167954777,GRA,
1093,JP-YOS,34.25,132.25,1.416059134,0,0.064234056,0,8.0925,1.900924906,20,0.071155086,0,2.037148144,20,0.053076558,1.00E-04,1.700233478,20,DBF,Forest,DBF,0,Cfa,Cf,T&B FOR,426.0669747,-0.336914666,DBF,
1343,RU-PUS-GRA2,55.25,37.75,0.576465651,0.0024,0.066514801,0.0021,8.692272727,1.944778356,22,0.062079869,1.00E-04,1.860413341,22,0.071372684,0.0475,2.041585763,22,DBF,Agriculture,CRO,0,Dfb,Df,Agriculture,329.9157196,0.181172422,DBF,
1397,CA-SAS-CCCUT,54.25,-104.25,0.675799771,5.00E-04,0.081019514,1.00E-04,16.03882353,2.248346678,9,0.072313727,0,2.060888651,9,0.097740384,0.0154,2.657547858,9,ENF,Agriculture,CRO,0,Dfc,Df,Agriculture,289.7111652,0.596659207,ENF,
1397,CA-SAS-OJPA,54.25,-104.25,0.828925484,0,0.091300614,0,16.03882353,2.491801987,8,0.119896938,0.0072,3.316696917,8,0.085280449,0,2.346217575,8,ENF,Agriculture,CRO,0,Dfc,Df,Agriculture,289.7111652,-0.970479342,ENF,
1438,FR-HEF,48.75,7.25,0.480977794,2.00E-04,0.110337618,0,11.23882353,3.014325783,34,0.091642599,0,2.500338171,17,0.183448931,1.00E-04,6.26193544,17,DBF,Agriculture,CRO,0,Cfb,Cf,Agriculture,405.1805352,3.761597269,DBF,
1639,US-SET-CK,34.75,-78.75,0.815359901,0.0542,0.0692497,0.0041,18.2225,1.998700064,12,0.075598986,0.0119,2.129718596,12,0.048943263,0,1.631390353,12,WSA,Savanna,GRA,0,Cfa,Cf,Savanna,565.2763415,-0.498328243,ENF,
1665,JP-KFR-CK,33.25,130.75,0.54114157,0.001,0.059982688,1.00E-04,16.64583333,1.821803391,12,0.051796078,0.0194,1.678601126,12,0.067964834,0,1.973183713,12,ENF,Forest,MF,0,Cfa,Cf,T&B FOR,409.5033491,0.294582588,ENF,
1777,FR-HEF,48.75,7.25,0.579061067,2.00E-04,0.11402983,0,10.73375,3.12770123,16,0.081441413,0,2.257852482,16,0.150548883,0,4.506355918,16,CVM,Agriculture,CRO,0,Cfb,Cf,Agriculture,405.1805352,2.248503435,DBF,
1930,US-BLO,39.25,-120.25,2.50090152,0,0.028191246,1.00E-04,14.474375,1.325662663,32,0.026990569,1.00E-04,1.309840917,32,0.029627363,0,1.344838095,32,ENF,Forest,EF,0,Csb,Cs,T&B FOR,390.1613642,0.034997178,ENF,
2355,JP-MON,36.89,137.43,0.793356004,0.0639,0.098365896,0.0023,15.96166667,2.67422323,12,0.091042177,0.0016,2.485370571,12,0.122450561,0.062,3.402483524,12,DBF,NA,NA,NA,NA,NA,NA,NA,0.917112953,DBF,
2534,CA-BND-20YRPD,56.25,-98.25,1.013067727,0,0.054401106,0,3.264666667,1.722903697,15,0.042210573,0,1.525169772,15,0.081927781,1.00E-04,2.268860701,15,ENF,Shrubland,SH,0,Dfc,Df,Shrubland,250.9179434,0.743690929,ENF,
3017,JP-TEF,36.25,137.75,1.073253056,0.0062,0.102368408,1.00E-04,10.56866667,2.783430269,15,0.120128122,3.00E-04,3.324373454,15,0.074023857,9.00E-04,2.096435599,15,DBF,Forest,MF,0,Dfb,Df,T&B FOR,420.6892195,-1.227937855,DBF,
3148,US-HJA-CK,44.25,-121.75,1.212746017,0,0.06119274,0,NA,1.84398206,36,0.051525749,0.0034,1.674069502,24,0.065063275,0.0354,1.916753277,24,ENF,Forest,EF,0,Csb,Cs,T&B FOR,415.3905124,0.242683776,ENF,
3179,US-BOC-CKHNP,65.25,-147.75,1.631815724,0.0027,0.140791072,0.0035,4.511176471,4.087406748,10,0.114465692,0.0018,3.141363431,10,0.15627469,0.01,4.771911221,10,ENF,Wetland,WAT,0,Dfc,Df,Wetland,161.1613383,1.63054779,ENF,
3179,US-BOC-CKMDP,65.25,-147.75,1.614858984,0.0013,0.099645967,0.0165,4.511176471,2.708675221,11,0.072785453,0.0233,2.070633348,11,0.137386087,0.0597,3.950573941,11,ENF,Wetland,WAT,0,Dfc,Df,Wetland,161.1613383,1.879940593,ENF,
3179,US-BOC-ICKLSP,65.25,-147.75,0.937546335,0.0011,0.167077921,3.00E-04,4.511176471,5.316308694,13,0.125621005,3.00E-04,3.512085605,13,0.21565316,0.0032,8.641114789,13,ENF,Wetland,WAT,0,Dfc,Df,Wetland,161.1613383,5.129029184,ENF,
3561,IE-DOO-IV,53.25,-6.75,0.312569332,0.0377,0.147690983,0.0016,9.941818182,4.379391684,11,0.133428,0.0672,3.797260939,11,0.162658058,0,5.086452225,11,GRA,Grassland,GRA,0,Cfb,Cf,Grassland,551.5788923,1.289191286,GRA,
3592,JP-KYM-BEECH,35.75,135.25,0.765535968,0.0274,0.095538146,0.0011,14.68714286,2.599662057,14,0.106496331,0.0019,2.900732566,14,0.079623594,0.0698,2.217179614,14,DBF,Wetland,WAT,0,Cfa,Cf,Wetland,490.317314,-0.683552952,DBF,
3592,JP-KYM-CEDER,35.75,135.25,1.004283251,0.0021,0.082371411,1.00E-04,14.68714286,2.278948396,14,0.091057295,8.00E-04,2.485746333,14,0.072501657,0.0534,2.06476531,14,DBF,Wetland,WAT,0,Cfa,Cf,Wetland,490.317314,-0.420981023,DBF,
3592,JP-KYM-KYOTO,35.25,136.25,0.583806107,0.0042,0.099561633,0,14.68714286,2.706391856,20,0.090311081,1.00E-04,2.467266391,20,0.11357315,0,3.113450206,20,DBF,Wetland,WAT,0,Cfa,Cf,Wetland,473.5492446,0.646183814,DBF,
3592,JP-KYM-NOB,36.25,138.75,0.404175631,0.0766,0.1184853,0.0039,14.68714286,3.270206073,14,0.111063008,0.0154,3.036270881,14,0.141656982,3.00E-04,4.122953682,14,DBF,Forest,MF,0,Cfa,Cf,T&B FOR,418.9953074,1.086682801,DBF,
3592,JP-KYM-OAK,35.75,135.25,0.65738619,0.0036,0.095908255,0,14.68714286,2.609301471,15,0.102121656,0.0029,2.776570576,15,0.088399986,0.0354,2.420562283,15,DBF,Wetland,WAT,0,Cfa,Cf,Wetland,490.317314,-0.356008293,DBF,
3649,CN-CBM,42.75,128.25,1.189619265,1.00E-04,0.101586256,0,6.495714286,2.761744548,14,0.103704723,0,2.820875313,14,0.098098496,0,2.667081918,14,ENF,Forest,MF,0,Dwb,Dsw,T&B FOR,428.4577378,-0.153793396,ENF,
3705,CN-MFR,22.25,101.75,0.430475675,0.0211,0.093237186,1.00E-04,19.76458333,2.540527811,24,0.080088028,0.0022,2.227500889,24,0.132859014,0.0019,3.775716384,24,MF,Forest,EF,0,Cwa,Cw,T&B FOR,498.1735956,1.548215495,MF,
3795,CN-FSK-BSV,35.25,114.75,0.190697202,0.3384,0.129589043,0.0106,21.00933333,3.654248394,30,0.113856309,0.0525,3.122278716,30,0.140124932,0.0936,4.06026936,30,CRO,Agriculture,CRO,0,Cwa,Cw,Agriculture,457.4838434,0.937990644,CRO,
3877,US-EYE-SITE607,44.75,-121.25,0.916651881,0.003,0.037974387,0.0253,11.97090909,1.4619101,11,0.025063735,0.0604,1.284844055,11,0.04758476,0.0499,1.609377728,11,GRA,Grassland,GRA,0,Csb,Cs,Grassland,298.3465913,0.324533673,GRA,
3893,BE-WPO-BEECH,50.25,4.75,0.52444943,0,0.137031946,0,9.3232,3.936608067,25,0.127025651,0,3.561766081,25,0.152902921,0,4.613695705,25,CVM,Agriculture,CRO,0,Cfb,Cf,Agriculture,520.5435011,1.051929624,CVM,
4003,FR-HFH-H1,48.75,7.25,0.527704478,0,0.1025182,0,9.421081081,2.787602746,18,0.09824849,0,2.671085377,18,0.108761506,2.00E-04,2.967189045,18,CVM,Agriculture,CRO,0,Cfb,Cf,Agriculture,405.1805352,0.296103668,CVM,
4003,FR-HFH-H2,48.75,7.25,0.478056001,2.00E-04,0.109146566,0,9.421081081,2.978636555,19,0.114648302,0,3.147105107,19,0.090812281,0.0344,2.479663367,19,CVM,Agriculture,CRO,0,Cfb,Cf,Agriculture,405.1805352,-0.66744174,CVM,
4136,CN-YJG-II,44.75,123.75,0.167028932,0.2094,0.095513631,0.0161,21.97785714,2.599024839,7,0.072179129,0.0111,2.058116597,7,0.149492224,0.0669,4.458989823,7,GRA,Wetland,WAT,0,Dwa,Dsw,Wetland,241.5444756,2.400873227,GRA,
4155,CN-XEF-I,26.25,117.75,2.274611719,2.00E-04,0.027886194,0.0045,20.63666667,1.321624862,12,0.027408256,0.0104,1.315323391,12,0.028410996,0.0023,1.328579008,12,ENF,Forest,MF,0,Cfa,Cf,T&B FOR,499.7367613,0.013255617,ENF,
4155,CN-XEF-II,26.25,117.75,2.320648135,1.00E-04,0.026934852,0.0022,20.63666667,1.309111313,12,0.025516095,0.0046,1.290669336,12,0.028601619,0.0012,1.331114005,12,ENF,Forest,MF,0,Cfa,Cf,T&B FOR,499.7367613,0.040444669,ENF,
4155,CN-XEF-IV,26.25,117.75,0.907097748,3.00E-04,0.037253973,8.00E-04,20.63666667,1.451416147,12,0.038146057,1.00E-04,1.464421926,12,0.036084818,0.0077,1.434545653,12,ENF,Forest,MF,0,Cfa,Cf,T&B FOR,499.7367613,-0.029876272,ENF,
4155,CN-XEF-V,26.25,117.75,0.87488465,0,0.03638571,1.00E-04,20.63666667,1.438868584,12,0.036230564,0,1.436637969,12,0.036346192,0.0028,1.438300091,12,ENF,Forest,MF,0,Cfa,Cf,T&B FOR,499.7367613,0.001662122,ENF,
4155,CN-XEF-VII,26.25,117.75,0.483115354,0.0046,0.050753291,0.0013,20.63666667,1.661187828,12,0.036303826,0.0095,1.43769086,12,0.073016833,0.001,2.075429929,12,ENF,Forest,MF,0,Cfa,Cf,T&B FOR,499.7367613,0.637739069,ENF,
4155,CN-XEF-VIII,26.25,117.75,0.44588738,0.0011,0.052747885,1.00E-04,20.63666667,1.694654437,12,0.035039738,8.00E-04,1.419631574,12,0.079281482,4.00E-04,2.20960732,12,ENF,Forest,MF,0,Cfa,Cf,T&B FOR,499.7367613,0.789975745,ENF,
4166,FI-HUH-II,63.25,31.25,0.615733125,0,0.115938341,0,5.158222222,3.187967017,11,0.087349125,0,2.395258731,11,0.158552144,0,4.881836318,11,ENF,Wetland,WAT,0,Dfc,Df,Wetland,370.1365335,2.486577588,ENF,
4166,FI-HUH-III,63.25,31.25,0.673266078,0,0.125427366,0,5.158222222,3.505291428,11,0.093843178,0,2.555969963,11,0.167516084,0,5.33965391,11,ENF,Wetland,WAT,0,Dfc,Df,Wetland,370.1365335,2.783683947,ENF,
4174,US-KFF-CLIPCK,35.25,-97.25,0.729284907,0,0.055652576,0,17.77948052,1.744600804,77,0.062235553,0,1.863311972,48,0.082082062,0,2.272363827,48,WSA,Savanna,GRA,0,Cfa,Cf,Savanna,492.9928802,0.409051855,WSA,
4174,US-KFF-UCCK,35.25,-97.25,0.812193778,0,0.053126334,0,17.77948052,1.701079991,77,0.063275161,0,1.882784149,48,0.077487166,0,2.170313575,48,WSA,Savanna,GRA,0,Cfa,Cf,Savanna,492.9928802,0.287529426,WSA,
4303,CA-CSK,54.25,-104.75,1.059724145,0,0.146227167,0,1.3712,4.315752358,75,0.129390232,0,3.646990537,75,0.165430505,0,5.229444437,75,CVM,Agriculture,CRO,0,Dfc,Df,Agriculture,279.9389966,1.5824539,CVM,
4348,US-MEO,44.75,-121.25,2.092719525,0,0.039265909,0.0015,12.87666667,1.480913443,42,0.040345038,0.0015,1.496980957,28,0.056778633,0.0892,1.76435702,28,GRA,Grassland,GRA,0,Csb,Cs,Grassland,298.3465913,0.267376063,GRA,
4435,FI-KAN-SITE1,66.25,24.25,0.594055276,0,0.135449247,0,4.37625,3.874793898,16,0.120252448,0,3.328509076,16,0.15368357,0,4.649853444,16,DBF,Wetland,WAT,0,Dfc,Df,Wetland,333.2427928,1.321344367,DBF,
4554,FI-LIA-PES,62.75,30.75,0.588940327,0,0.058748787,0,12.28611111,1.799462242,36,0.054851807,0.0019,1.730686366,36,0.061855861,0,1.856250537,36,CRO,Wetland,WAT,0,Dfc,Df,Wetland,283.0682634,0.125564171,CRO,
4629,CN-YAE,31.75,105.75,0.540308472,0.0026,0.063463793,2.00E-04,16.7675,1.886339029,12,0.048267621,0,1.620405146,12,0.080421745,0.0017,2.234946853,12,ENF,Agriculture,CRO,0,Cwa,Cw,Agriculture,344.5912318,0.614541707,ENF,
5113,CN-AMN-CK,24.75,101.25,0.540676145,0.0017,0.120247082,0,11.78636364,3.328330481,33,0.125691506,0,3.514562536,33,0.108993702,9.00E-04,2.974086761,33,ENF,Forest,MF,0,Cwb,Cw,T&B FOR,393.8815149,-0.540475774,ENF,
5114,AT-MWA-CK,47.75,11.75,0.466070647,0,0.120411977,0,10.09321429,3.333823248,28,0.059105763,0.0091,1.805897373,28,0.19754819,0,7.210093331,28,ENF,Forest,EF,0,Cfb,Cf,T&B FOR,445.1709947,5.404195957,ENF,
5125,JP-SHE-CK,42.43,142.48,0.781625305,0,0.123395788,0,9.02125,3.434797196,24,0.139015468,0,4.015471125,24,0.108678834,0,2.964737038,24,GRA,Forest,MF,0,Dfb,Df,T&B FOR,427.4995261,-1.050734087,GRA,
5317,CH-LGE-FAGUS1,47.75,8.75,1.212090745,0,0.069332178,0,11.88055556,2.00034923,36,0.064490558,0,1.90580707,36,0.07591763,1.00E-04,2.136515639,36,CRO,Agriculture,CRO,0,Cfb,Cf,Agriculture,446.712731,0.230708569,CRO,
5522,JP-TAK,36.25,137.75,0.765123497,0,0.080727459,0,9.155,2.241789863,24,0.06635433,0,1.941660048,24,0.094634473,0,2.576275436,24,ENF,Forest,MF,0,Dfb,Df,T&B FOR,420.6892195,0.634615388,ENF,
5524,KR-GWF-ABIES,38.25,127.75,0.390449899,1.00E-04,0.107643645,0,NA,2.934204711,29,0.113791579,0,3.12025831,29,0.085007309,1.00E-04,2.339817873,29,DBF,Forest,MF,0,Dwa,Dsw,T&B FOR,452.9322485,-0.780440438,DBF,
5688,DE-HNP,51.25,10.75,1.667485114,0,0.060802765,0,9.877631579,1.836804996,38,0.01967963,0.0224,1.217496013,38,0.093831556,0,2.555672922,38,CRO,Agriculture,CRO,0,Cfb,Cf,Agriculture,366.6485966,1.338176909,CRO,
5702,CN-YAS-CK,30.25,103.25,0.202071419,0.015,0.130392572,0,14.19666667,3.683729623,12,0.12662207,0.0441,3.547420434,6,0.206819748,0.0261,7.910551325,6,CRO,Agriculture,CRO,0,Cwa,Cw,Agriculture,383.4559313,4.363130891,CRO,
5727,GB-WYW,52.25,-1.25,0.368047403,0,0.104906121,0,11.09066667,2.854969649,30,0.076204215,0,2.142647357,30,0.148972849,1.00E-04,4.435890963,30,CRO,Agriculture,CRO,0,Cfb,Cf,Agriculture,333.6142564,2.293243606,CRO,
5766,PE-SPE-TAM,-12.75,-69.25,0.586176605,0.1196,0.090896648,0.0067,16.72545455,2.481756257,8,0.145329224,0.0183,4.277172824,8,0.073949339,0.0515,2.094873951,8,EBF,Forest,EF,0,Af,A,Tropic FOR,711.1421571,-2.182298873,ENF,
5824,JP-TNF-IRGA,42.73,141.52,0.720768096,0,0.10356768,0,10.5925,2.817012156,12,0.105885984,0,2.883081947,12,0.099597028,0,2.707349957,12,DBF,Agriculture,CRO,0,Dfb,Df,Agriculture,372.2019253,-0.175731991,DBF,
5831,DE-SOF-BEECH,52.25,9.75,0.858201203,0.0096,0.048073314,0.0557,11.53136364,1.617259649,11,0.048400565,0.0541,1.622560819,11,0.047715051,0.0567,1.61147597,11,DBF,Agriculture,CRO,0,Cfb,Cf,Agriculture,347.6921902,-0.011084849,DBF,
5831,DE-SOF-GAP,52.25,9.75,0.439516413,0.0018,0.053824773,0.0072,11.53136364,1.713002596,11,0.053480476,0.0073,1.707114912,11,0.053728524,0.0071,1.711354625,11,OSH,Agriculture,CRO,0,Cfb,Cf,Agriculture,347.6921902,0.004239714,OSH,
5831,DE-SOF-MIX,52.25,9.75,0.711683072,0.0078,0.045319045,0.0439,11.53136364,1.573323791,11,0.045559654,0.043,1.57711392,11,0.045558899,0.0423,1.577102005,11,MF,Agriculture,CRO,0,Cfb,Cf,Agriculture,347.6921902,-1.19E-05,MF,
5831,DE-SOF-SPRUCE,52.25,9.75,0.651330435,0.0103,0.042922499,0.0879,11.53136364,1.536066596,11,0.043307248,0.0855,1.541987986,11,0.043147976,0.0846,1.539533986,11,DNF,Agriculture,CRO,0,Cfb,Cf,Agriculture,347.6921902,-0.002454,DNF,
6090,CN-BTM-143YR,33.75,112.25,0.78678536,0.0036,0.11549339,0,NA,3.173813615,18,0.122865618,0,3.416635106,18,0.074861005,0.0131,2.11405954,18,DBF,Forest,MF,0,Cwa,Cw,T&B FOR,439.4947989,-1.302575566,DBF,
6090,CN-BTM-40YR,33.75,112.25,0.63158951,7.00E-04,0.106835662,0,NA,2.910592349,18,0.106601789,4.00E-04,2.903793212,18,0.107280517,0.0468,2.923569115,18,DBF,Forest,MF,0,Cwa,Cw,T&B FOR,439.4947989,0.019775903,DBF,
6090,CN-BTM-48YR,33.75,112.25,0.528135834,0.0014,0.120189854,0,NA,3.326426301,17,0.126758868,0,3.552276554,17,0.106883055,0.0038,2.911972101,17,DBF,Forest,MF,0,Cwa,Cw,T&B FOR,439.4947989,-0.640304453,DBF,
6090,CN-BTM-80YR,33.75,112.25,0.703255406,0.0064,0.122550475,0,NA,3.40588477,18,0.129471765,0,3.649965261,18,0.111088081,0.0286,3.037032277,18,DBF,Forest,MF,0,Cwa,Cw,T&B FOR,439.4947989,-0.612932984,DBF,
6100,CN-YTA,31.75,105.75,0.63856938,2.00E-04,0.04924843,0,16.92714286,1.63637642,14,0.044595611,0.001,1.561982907,14,0.054996477,0,1.733191958,14,CRO,Agriculture,CRO,0,Cwa,Cw,Agriculture,344.5912318,0.171209051,CRO,
6219,JP-APF,40.25,140.75,0.733036857,0.004,0.119928851,1.00E-04,11.69916667,3.317755539,12,0.126222988,2.00E-04,3.533291509,12,0.110069111,0.0355,3.006242954,12,DBF,Forest,MF,0,Dfa,Df,T&B FOR,428.9130477,-0.527048555,DBF,
6315,US-FNA,42.25,-88.25,0.85885028,0.0151,0.08890179,1.00E-04,18.1625,2.432739293,36,0.102189263,0.0113,2.77844837,36,0.068862876,0,1.990983542,36,GRA,Urban,URB,0,Dfa,Df,Urban,402.3874065,-0.787464828,GRA,
6334,GB-AHR-I,51.25,-0.75,0.60242124,0.0011,0.118588922,1.00E-04,10.00369565,3.27359647,11,0.11866486,1.00E-04,3.276083333,11,0.11866486,1.00E-04,3.276083333,11,DBF,Forest,MF,0,Cfb,Cf,T&B FOR,406.3222925,0,DBF,
6334,GB-AHR-II,51.25,-0.75,0.709133894,0.017,0.094223937,0.0065,10.00369565,2.565720578,12,0.080912112,6.00E-04,2.245933209,12,0.103149627,0.0412,2.805260123,12,DBF,Forest,MF,0,Cfb,Cf,T&B FOR,406.3222925,0.559326914,DBF,
6334,GB-AHR-III,51.25,-0.75,0.809339849,0.0232,0.088630492,0.0126,10.00369565,2.426148245,12,0.054765136,0.0511,1.729187006,12,0.11737051,0.0091,3.233952596,12,DBF,Forest,MF,0,Cfb,Cf,T&B FOR,406.3222925,1.50476559,DBF,
6372,CA-AJB-MW,49.25,-78.75,1.907739977,0,0.085641218,0,4.78375,2.354697289,24,0.091805714,0,2.504419917,24,0.047185791,0.084,1.602969598,24,ENF,Forest,EF,0,Dfc,Df,T&B FOR,496.0165444,-0.901450319,ENF,
6504,DE-NEU,53.25,13.25,0.754217345,0,0.081143485,0,8.9155,2.251135708,60,0.074136358,0,2.098795434,60,0.10759682,0,2.932831085,60,ENF,Forest,MF,0,Cfb,Cf,T&B FOR,373.9993903,0.834035652,ENF,
6511,CN-GLS-BL,36.75,109.75,1.183571672,0.0092,0.057301725,0.0064,NA,1.773610406,20,0.036323365,0.0923,1.437971809,20,0.134719519,0.0033,3.846621335,20,GRA,Grassland,GRA,0,Dwa,Dsw,Grassland,310.0668817,2.408649526,GRA,
6548,CN-YHS,29.75,103.75,0.263124949,5.00E-04,0.093498458,0,14.9475,2.547174182,12,0.070382644,5.00E-04,2.021472967,12,0.124138898,0,3.460416562,12,MF,Forest,MF,0,Cwa,Cw,T&B FOR,374.6866428,1.438943596,MF,
6575,DE-SPP-CK,50.25,12.25,0.223756836,0.0027,0.202803433,0,6.4165,7.599134251,40,0.219410807,0,8.971995082,40,0.17177665,0.0011,5.572069356,40,WET,Forest,MF,0,Cfb,Cf,T&B FOR,361.191587,-3.399925726,WET,
6984,CN-NFR-GRA,47.43,126.63,0.404873268,0.0015,0.060393695,8.00E-04,9.301904762,1.829306524,22,0.059252629,0.0076,1.808551568,22,0.051024822,0.0211,1.665704604,20,GRA,Grassland,CRO,0,Dwb,Dsw,Agriculture,447.8525716,-0.142846965,GRA,
7100,NL-OLD-19YR,52.75,6.25,0.260868848,2.00E-04,0.137262784,0,10.36315789,3.945705781,19,0.11063837,0,3.023405048,19,0.207703863,0.0046,7.980799776,16,GRA,Grassland,GRA,0,Cfb,Cf,Grassland,370.3272708,4.957394728,GRA,
7150,CN-LZG-GRAZ,36.25,104.25,0.245159562,0.0059,0.078181438,4.00E-04,6.6525,2.185433871,12,0.078486841,0,2.192118457,12,0.079072612,0.0236,2.204996941,12,GRA,Grassland,GRA,0,BSk,B,Grassland,183.899524,0.012878483,GRA,
7289,JP-FUJ,35.45,138.77,0.548332063,0,0.099747405,0,8.732083333,2.711424263,24,0.116359053,0,3.201407418,24,0.062725341,0,1.872460628,24,ENF,Forest,MF,0,Cfa,Cf,T&B FOR,409.4080808,-1.32894679,ENF,
7477,CN-JS-FLN,32.75,119.75,0.774462444,0,0.068328724,0,11.49324324,1.980377019,37,0.092602614,0,2.524457377,37,0.041332199,0.0457,1.511831746,37,CRO,Agriculture,CRO,0,Cfa,Cf,Agriculture,469.6008382,-1.01262563,CRO,
7477,CN-JS-FNN,32.75,119.75,0.833669856,0,0.070176995,0,11.49324324,2.017320102,37,0.089618724,0,2.450243089,37,0.052929392,0.0024,1.697733158,37,CRO,Agriculture,CRO,0,Cfa,Cf,Agriculture,469.6008382,-0.752509931,CRO,
7517,JP-ANP-TR,36.75,138.75,0.232760691,0,0.129166463,0,13.54631579,3.638838835,19,0.122012493,0,3.387610919,19,0.169981296,0.0036,5.472923663,19,DBF,Forest,MF,0,Dfb,Df,T&B FOR,426.0180508,2.085312744,DBF,
7587,CN-SFC-LARIX15YR,42.75,117.25,0.449791471,0,0.129992025,0,12.56701299,3.669004045,19,0.160668227,6.00E-04,4.986240765,19,0.102446571,0.029,2.785606755,19,DNF,Grassland,GRA,0,Dwb,Dsw,Grassland,268.0734162,-2.20063401,DNF,
7587,CN-SFC-LARIX35YR,42.75,117.25,0.446381007,0,0.118719881,0,12.56701299,3.277886361,23,0.125458187,0,3.506371935,23,0.109118594,0,2.977803464,23,DNF,Grassland,GRA,0,Dwb,Dsw,Grassland,268.0734162,-0.52856847,DNF,
7587,CN-SFC-PINUS15YR,42.75,117.25,0.430957443,0,0.119864716,0,12.56701299,3.315628369,16,0.147495769,0,4.370850857,16,0.0857034,0.0029,2.356161937,16,DNF,Grassland,GRA,0,Dwb,Dsw,Grassland,268.0734162,-2.01468892,DNF,
7587,CN-SFC-PINUS35YR,42.75,117.25,0.419893534,0,0.129982871,0,12.56701299,3.668668192,19,0.131274964,0,3.716378394,19,0.12408143,0.0019,3.458428519,19,DNF,Grassland,GRA,0,Dwb,Dsw,Grassland,268.0734162,-0.257949875,DNF,
7678,CN-NWS-WHEAT,36.75,116.25,1.955939665,0,0.046040959,0,17.322,1.584722943,25,0.05395544,0,1.715242378,25,0.029629827,0.0804,1.344871229,25,CRO,Agriculture,CRO,0,Cwa,Cw,Agriculture,323.3376079,-0.370371149,CRO,
7689,CN-ANE,40.75,81.25,0.507146874,0,0.084148963,0,22.49925926,2.319820088,27,0.101297442,0,2.753779736,27,0.044120541,0,1.554579999,27,CRO,Desert,BSV,1,BWk,B,Desert,166.3123585,-1.199199737,CRO,
7721,CN-CBS,42.75,128.75,1.166661321,0.0015,0.080176353,1.00E-04,14.5,2.229469198,23,0.080333893,0,2.23298428,23,0.079399341,0.012,2.212213079,23,ENF,Forest,MF,0,Dwb,Dsw,T&B FOR,449.621051,-0.020771201,ENF,
7868,CN-SES-CK,42.75,117.25,0.842377509,0.0041,0.1122748,3.00E-04,9.716666667,3.073288004,12,0.101353744,5.00E-04,2.755330623,12,0.134253656,2.00E-04,3.828743049,12,DNF,Grassland,GRA,0,Dwb,Dsw,Grassland,268.0734162,1.073412426,DNF,
7898,CN-HBS,37.75,101.25,0.961227531,0,0.132835919,0,2.340208333,3.774844494,48,0.137459461,0,3.953473703,48,0.12655446,0,3.545022838,48,GRA,Grassland,GRA,0,ET,E,Grassland,278.0986865,-0.408450865,GRA,
8007,CN-XFF-LSS,27.25,118.25,0.693036923,0.0077,0.066153758,6.00E-04,18.31416667,1.937769519,13,0.059664276,0.0031,1.816011776,13,0.080580885,0.0025,2.23850638,13,ENF,Forest,MF,0,Cfa,Cf,T&B FOR,512.4964391,0.422494604,ENF,
8007,CN-XFF-LST,27.25,118.25,0.455370092,0.005,0.07689152,1.00E-04,18.31416667,2.157424599,11,0.077212939,6.00E-04,2.164370147,11,0.07569392,0.0032,2.131741397,11,DBF,Forest,MF,0,Cfa,Cf,T&B FOR,512.4964391,-0.032628751,DBF,
8088,CN-ASF,24.75,101.25,0.710112059,0.0237,0.169420585,0,11.49791667,5.442322207,24,0.198072117,0,7.247968139,24,0.136499233,0,3.915693015,24,DBF,Forest,MF,0,Cwb,Cw,T&B FOR,393.8815149,-3.332275123,DBF,
8097,CN-LZU-CK,36.25,104.25,0.430401695,7.00E-04,0.057006204,0,16.06965517,1.768376765,29,0.062212948,0,1.862890803,29,0.045302206,0.0071,1.573058892,29,GRA,Grassland,GRA,0,BSk,B,Grassland,183.899524,-0.289831911,GRA,
8277,DE-FB-EA,50.25,12.25,0.276196981,0.0219,0.115669484,0.0015,10.79985714,3.179407445,27,0.095273731,0.0101,2.592797254,27,0.16024239,0.0018,4.965052647,27,ENF,Forest,MF,0,Cfb,Cf,T&B FOR,361.191587,2.372255394,ENF,
8277,DE-FB-QS,50.25,12.25,0.642072704,4.00E-04,0.098652421,0,10.79985714,2.681896548,27,0.070687335,0.0046,2.027641613,27,0.120250013,0.0012,3.328428035,27,ENF,Forest,MF,0,Cfb,Cf,T&B FOR,361.191587,1.300786422,ENF,
8382,NZ-UOC-CK,-43.03,171.75,0.3550638,0,0.094544011,0,9.893333333,2.573945945,30,0.083465068,2.00E-04,2.304009075,24,0.104142789,0.0048,2.833259701,24,GRA,Grassland,GRA,0,Cfb,Cf,Grassland,374.1677439,0.529250626,GRA,
8405,US-IA-CT0N,42.75,-95.25,0.278827815,0.1127,0.104616726,0.0014,18.94428571,2.84671944,14,0.100310353,5.00E-04,2.726731204,14,0.126632391,0.0399,3.547786579,14,CRO,Agriculture,CRO,0,Dfa,Df,Agriculture,435.4079947,0.821055375,CRO,
8439,NL-ODB-DRAIN,52.75,6.25,0.459510556,0,0.092125233,0,10.73314815,2.512434822,54,0.082337299,0,2.278171148,54,0.112288636,0,3.073713265,54,CSH,Grassland,GRA,0,Cfb,Cf,Grassland,370.3272708,0.795542116,CSH,
8439,NL-ODB-DRAINDRY,52.75,6.25,0.443660412,0,0.078702721,0,10.73314815,2.196855908,54,0.068215777,0,1.978141505,54,0.111762403,0,3.057580856,54,CSH,Grassland,GRA,0,Cfb,Cf,Grassland,370.3272708,1.079439351,CSH,
8537,CN-HBS-10YR,42.75,117.25,0.516078578,7.00E-04,0.125382708,0,10.52583333,3.503726375,12,0.137948904,0,3.972871133,12,0.109989911,0.0142,3.003862939,12,DNF,Forest,DNF,0,Dwb,Dsw,T&B FOR,268.0734162,-0.969008194,DNF,forest structure:age stand
8537,CN-HBS-20YR,42.75,117.25,0.778806605,0,0.118358302,0,10.52583333,3.266055594,12,0.107632651,1.00E-04,2.933882154,12,0.14250134,3.00E-04,4.157913577,12,DNF,Forest,DNF,0,Dwb,Dsw,T&B FOR,268.0734162,1.224031423,DNF,forest structure:age stand
8537,CN-HBS-45YR,42.75,117.25,0.811212546,4.00E-04,0.113620223,0,10.52583333,3.114916143,12,0.117592429,0,3.241137321,12,0.104206637,0.0118,2.835069268,12,DNF,Forest,DNF,0,Dwb,Dsw,T&B FOR,268.0734162,-0.406068053,DNF,forest structure:age stand
8568,CN-GXS,21.75,104.75,0.450288234,0.0147,0.079335394,0,23.55111111,2.210798899,18,0.083594254,0,2.306987446,18,0.065132623,0.0145,1.918082969,18,EBF,Forest,EF,0,Cfa,Cf,T&B FOR,359.403671,-0.388904478,EBF,
8665,CN-ZJ-MSW,30.25,120.25,0.528286374,0.0036,0.110655814,0,15.4725,3.023932523,12,0.11840761,0,3.267666428,12,0.084637423,0.0062,2.33117918,12,CVM,Agriculture,CRO,0,Cfa,Cf,Agriculture,417.8416568,-0.936487248,EBF,
8793,IT-BG-BIOCHAR,44.75,11.75,0.976782063,4.00E-04,0.047166655,3.00E-04,15.18703125,1.602662884,32,0.044006564,6.00E-04,1.552809149,32,0.057595264,0.0066,1.778824293,32,CRO,Agriculture,CRO,0,Cfa,Cf,Agriculture,262.7591746,0.226015144,CRO,ORCHARD
8793,IT-BG-CK,44.75,11.75,0.993783056,0,0.043762202,0,15.18703125,1.549019299,32,0.036073325,9.00E-04,1.434380786,32,0.063975284,0.0028,1.896012194,32,CRO,Agriculture,CRO,0,Cfa,Cf,Agriculture,262.7591746,0.461631408,CRO,ORCHARD
8910,CN-SX-CK,36.75,112.25,0.809221963,0.0232,0.076859973,0.0073,13.28916667,2.156744106,12,0.090814648,0.0087,2.479722069,12,0.030195559,0.052,1.352501157,12,ENF,Forest,ENF,0,Dwb,Dsw,T&B FOR,377.2075563,-1.127220912,ENF,
8910,CN-SX-HT,36.75,112.25,1.227977367,0.0148,0.061721236,0.0162,13.28916667,1.853753227,12,0.06700512,0.0138,1.954337379,12,0.040534523,0.0704,1.4998202,12,ENF,Forest,ENF,0,Dwb,Dsw,T&B FOR,377.2075563,-0.454517179,ENF,
9151,FI-SMEAR-II,61.85,24.83,0.825772519,8.00E-04,0.164786825,0,7.963571429,5.195891663,14,0.089607511,0,2.449968364,14,0.228533443,3.00E-04,9.828972737,13,ENF,Forest,ENF,0,Dfc,Df,T&B FOR,322.4999619,7.379004373,ENF,
9297,IT-BOL-CK,46.75,11.75,0.742762943,4.00E-04,0.06646731,0,16.23090909,1.943854976,22,0.040786508,1.00E-04,1.503604275,22,0.118701399,6.00E-04,3.277280593,22,CRO,Forest,EF,0,ET,E,T&B FOR,442.5666281,1.773676318,CRO,
9343,IT-TUS-CK,10.75,13.25,1.403682824,0,0.045867977,0,14.016,1.58198403,25,0.036742782,0.0027,1.444015569,25,0.080968347,0.0029,2.247196571,25,ENF,Agriculture,CRO,0,BSh,B,Agriculture,354.0682681,0.803181002,ENF,
9355,IT-NV-PS,45.75,8.75,0.965739272,0,0.056627779,0,19.324375,1.761697416,32,0.061751555,0,1.854315364,32,0.046303911,9.00E-04,1.588895485,32,DBF,Forest,DBF,0,Cfb,Cf,T&B FOR,445.2104705,-0.26541988,DBF,
9355,UK-PU-WS,50.98,-0.5,1.303253569,0,0.032698436,0,19.324375,1.386779793,32,0.036608341,0,1.442075525,32,0.022829327,0.0318,1.256453747,32,DBF,Forest,DBF,0,Cfb,Cf,T&B FOR,346.7947832,-0.185621777,DBF,
9451,CN-HN-CK,27.25,110.25,0.562028417,0,0.056760897,0,16.59840909,1.764044115,22,0.057122473,0,1.77043402,22,0.056384149,0.01,1.757410632,22,ENF,Forest,ENF,0,Cfa,Cf,T&B FOR,495.1113412,-0.013023388,ENF,
9451,CN-HN-PRUN,27.25,110.25,0.7349483,3.00E-04,0.049551992,2.00E-04,16.59840909,1.641351395,22,0.046626298,1.00E-04,1.594026133,22,0.062322629,0.021,1.86493516,22,ENF,Forest,ENF,0,Cfa,Cf,T&B FOR,495.1113412,0.270909027,ENF,
9488,CN-GS-FENCH,35.9,104.15,0.675099965,0,0.043887451,0,17.16277778,1.550960647,22,0.045660107,0,1.57869897,22,0.037237449,0.0192,1.451176329,22,GRA,Grassland,GRA,0,BSk,B,Grassland,183.899524,-0.127522641,GRA,
9674,CN-MEF-150YR,31.78,102.7,1.240739362,0,0.130482543,0,5.165,3.68704539,24,0.107016353,0,2.915856283,24,0.184022947,0,6.297983294,24,GRA,Grassland,GRA,0,Dwb,Dsw,T&B FOR,350.7186845,3.38212701,GRA,
9674,CN-MEF-22YR,31.78,102.7,1.185423332,0,0.156193822,0,5.165,4.768053846,24,0.153156472,0,4.625408622,24,0.16148555,0,5.027161442,24,GRA,Grassland,GRA,0,Dwb,Dsw,T&B FOR,350.7186845,0.401752819,GRA,
9674,CN-MEF-47YR,31.78,102.7,1.076060943,0,0.122152089,0,5.165,3.39234318,24,0.121470654,0,3.369305168,24,0.123530661,0,3.439432939,24,GRA,Grassland,GRA,0,Dwb,Dsw,T&B FOR,350.7186845,0.070127771,GRA,
9674,CN-MEF-68YR,31.78,102.7,1.316479993,0,0.111458043,0,5.165,3.048288954,24,0.097665746,0,2.655565069,24,0.133695569,0,3.807434828,24,GRA,Grassland,GRA,0,Dwb,Dsw,T&B FOR,350.7186845,1.151869759,GRA,
9755,CN-QERC-MP2,26.75,115.25,0.456625404,0.0018,0.085286223,0,21.37075,2.346353048,20,0.067695582,0.0209,1.967878034,20,0.096731821,2.00E-04,2.630879523,20,MF,Forest,MF,0,Cfa,Cf,T&B FOR,494.254255,0.663001489,MF,
9755,CN-QERC-SP1,26.75,115.25,0.472715044,0.0654,0.073564061,0.0019,21.37075,2.086818402,20,0.081176647,4.00E-04,2.251882361,20,0.076581718,0.014,2.150751199,19,MF,Forest,MF,0,Cfa,Cf,T&B FOR,494.254255,-0.101131162,MF,
9755,CN-QERC-SP2,26.75,115.25,0.469351112,0.0469,0.074977296,8.00E-04,21.37075,2.11651942,20,0.082935376,3.00E-04,2.291837195,20,0.093213599,0.0157,2.539928654,18,DBF,Forest,MF,0,Cfa,Cf,T&B FOR,494.254255,0.248091459,DBF,
9845,US-WA,46.25,-121.75,2.351968264,0,0.057557907,0,9.818461538,1.778159909,26,0.115284954,1.00E-04,3.167205148,9,0.039943083,0.0137,1.490975839,9,CRO,Forest,EF,0,Csb,Cs,T&B FOR,486.4598989,-1.676229309,CRO,
10087,CN-LWM-3AR,32.25,118.75,0.642813826,0,0.081182703,0,15.565,2.252018733,38,0.078647531,0,2.195643803,38,0.090572048,4.00E-04,2.473713543,38,MF,Agriculture,CRO,0,Cfa,Cf,Agriculture,504.9388427,0.278069741,MF,
10087,CN-LWM-CK,32.25,118.75,0.581926806,0,0.087954265,0,15.565,2.409797345,36,0.082865006,0,2.290224976,36,0.104370615,0,2.839721963,36,MF,Agriculture,CRO,0,Cfa,Cf,Agriculture,504.9388427,0.549496987,MF,
10351,CN-LSR-BPF,47.25,129.25,0.661848617,0,0.093690914,0,12.40697368,2.552081084,19,0.085311829,0,2.346953933,19,0.112783179,0,3.088951736,19,MF,Forest,MF,0,Dwc,Dsw,T&B FOR,448.9831402,0.741997803,MF,
10351,CN-LSR-LP,47.25,129.25,0.74294719,4.00E-04,0.1008997,0,12.40697368,2.742848548,19,0.08798512,0,2.410540993,19,0.137595686,1.00E-04,3.95886298,19,MF,Forest,MF,0,Dwc,Dsw,T&B FOR,448.9831402,1.548321987,MF,
10351,CN-LSR-PP,47.25,129.25,0.737138812,0,0.10060779,0,12.40697368,2.734853581,19,0.088016726,0,2.411302981,19,0.124368299,0,3.468363924,19,MF,Forest,MF,0,Dwc,Dsw,T&B FOR,448.9831402,1.057060943,MF,
10351,CN-LSR-SBF,47.25,129.25,0.636244534,8.00E-04,0.123489974,0,12.40697368,3.438033819,19,0.096276911,0,2.618938566,19,0.181899411,2.00E-04,6.165653379,19,MF,Forest,MF,0,Dwc,Dsw,T&B FOR,448.9831402,3.546714813,MF,
10362,IT-MRM-ABAND,44.25,10.75,2.480763876,0.013,0.060595835,3.00E-04,25.47547619,1.83300804,21,0.046798696,6.00E-04,1.596776582,21,0.08630504,0.0246,2.370380289,21,CRO,Agriculture,CRO,0,Cfb,Cf,Agriculture,485.5913091,0.773603707,CRO,
10362,IT-MRM-MAIZE,44.25,10.75,0.41299155,0.1853,0.130004508,1.00E-04,25.47547619,3.66946207,21,0.107157589,4.00E-04,2.919977446,21,0.152403164,8.00E-04,4.590695951,21,CRO,Agriculture,CRO,0,Cfb,Cf,Agriculture,485.5913091,1.670718505,CRO,
10466,JP-FUJI-CK,35.75,138.46,0.967416676,0,0.08009183,0,9.309652778,2.227585591,144,0.087317242,0,2.394495157,144,0.057846338,0,1.783296081,144,DBF,Forest,DBF,0,Cfa,Cf,T&B FOR,409.4080808,-0.611199075,DBF,
10472,JP-TAK-CK,36.13,137.42,0.550975801,0,0.109761572,0,12.70434783,2.997011771,46,0.096969019,0,2.637127331,37,0.142173807,0,4.144317314,35,DBF,Forest,DBF,0,Dfb,Df,T&B FOR,420.6892195,1.507189984,DBF,Trench
10480,CN-LOE-CORN,37.75,113.2,0.870598174,2.00E-04,0.057135124,0,18.00555556,1.770658018,90,0.042232131,2.00E-04,1.525498603,90,0.07885825,0.005,2.20027532,90,CRO,Agriculture,CRO,0,Dwb,Dsw,Agriculture,384.1855671,0.674776716,CRO,
10487,CN-HUN-CK,26.67,109.43,0.420928598,0,0.063656562,0,16.58770833,1.889978819,48,0.051421248,1.00E-04,1.672320999,48,0.068233039,0,1.978483003,48,GRA,Grassland,GRA,0,Cfa,Cf,T&B FOR,493.3376022,0.306162004,GRA,
10526,CN-HE-CK,32.25,112.25,0.365310253,0,0.115787646,0,10.70921053,3.183166524,38,0.11408125,0,3.129309881,38,0.123656332,0,3.443758022,38,CRO,Forest,DBF,0,Cfa,Cf,T&B FOR,432.8589074,0.31444814,CRO,throughfall reduction (TFR) experiment 
10526,CN-HE-PR,32.25,112.25,0.499898304,0,0.096676401,0,10.70921053,2.629421906,38,0.099096376,0,2.693829433,38,0.086204873,2.00E-04,2.368007142,38,CRO,Forest,DBF,0,Cfa,Cf,T&B FOR,432.8589074,-0.32582229,CRO,throughfall reduction (TFR) experiment 
10533,AT-BBB-2008CL,47.85,14.43,1.094037369,2.00E-04,0.092937802,0,9.903076923,2.532933256,13,0.09399554,2.00E-04,2.559867255,13,0.09254202,0.0013,2.522928177,13,ENF,Forest,ENF,0,Cfb,Cf,T&B FOR,433.4152303,-0.036939078,ENF,
10533,AT-BBB-2011CL,47.85,14.43,0.96822378,5.00E-04,0.094109762,1.00E-04,9.903076923,2.562792846,13,0.093978369,2.00E-04,2.559427721,13,0.094054674,0.0028,2.561381448,13,ENF,Forest,ENF,0,Cfb,Cf,T&B FOR,433.4152303,0.001953726,ENF,
10533,AT-BBB-MATURE,47.85,14.43,0.90478563,0,0.10644966,0,9.903076923,2.899379055,13,0.109734979,0,2.996214898,13,0.103124512,3.00E-04,2.80455568,13,ENF,Forest,ENF,0,Cfb,Cf,T&B FOR,433.4152303,-0.191659218,ENF,
10547,KR-SEO-LAWN,37.54,127.03,0.654211562,0,0.076093194,0,15.35228571,2.140269903,35,0.058525223,0,1.79544379,35,0.100999165,0,2.74557809,35,MF,Forest,MF,0,Dwa,Dsw,T&B FOR,450.2395,0.9501343,MF,
10559,CN-HI-PF,18.52,108.9,1.006476379,0.0467,0.070474877,0.0049,19.62411765,2.023338306,34,0.060341862,0.0112,1.828358598,34,0.080994431,0.08,2.247782795,29,CRO,Forest,DBF,0,Aw,A,T&B FOR,551.1275911,0.419424197,CRO,
10559,CN-HI-SF,18.52,108.9,1.0336571,8.00E-04,0.066291123,0,19.62411765,1.940433169,34,0.051984129,0.0035,1.681760719,34,0.127483782,0.0061,3.578121067,28,CRO,Forest,DBF,0,Aw,A,T&B FOR,551.1275911,1.896360348,CRO,secondary rain forest
10645,IE-SWI-LPCK,52.75,-8.75,0.478174416,0,0.135908933,0,9.011346154,3.892646774,52,0.184578398,0,6.333062861,52,0.059879792,0.0265,1.819929776,52,GRA,Forest,ENF,0,Cfb,Cf,T&B FOR,532.839285,-4.513133086,GRA,
10645,IE-SWI-SPCK,52.75,-8.75,0.527615962,0,0.169835898,0,9.011346154,5.464971909,52,0.183889224,0,6.289567073,52,0.157300949,0,4.821135556,52,GRA,Forest,ENF,0,Cfb,Cf,T&B FOR,532.839285,-1.468431517,GRA,
10687,CN-HLJ-CK,47.75,126.75,0.284910476,0,0.105361343,0,5.37,2.867995732,48,0.092680468,0,2.526423527,48,0.123490616,0,3.438055874,48,CRO,Agriculture,CRO,0,Dwb,Dsw,Agriculture,314.0760285,0.911632347,CRO,
10745,CN-GD-ML,22.75,113.25,1.565569555,1.00E-04,0.03582549,9.00E-04,16.9975,1.430830291,12,0.036988737,0.0039,1.447571569,12,0.031819684,0.0803,1.374646819,12,CSH,Grassland,GRA,0,Cwa,Cw,Grassland,524.1738014,-0.07292475,CSH,
10745,CN-GD-MN,22.75,113.25,1.168809624,1.00E-04,0.049541261,0,16.9975,1.641175263,12,0.048251633,0.0016,1.620146096,12,0.053498818,0.0248,1.707428066,12,CSH,Grassland,GRA,0,Cwa,Cw,Grassland,524.1738014,0.08728197,CSH,
10745,CN-GD-SHR,22.75,113.25,0.753688646,0.006,0.05312773,0.002,16.9975,1.701103741,12,0.059132294,0.004,1.806376562,12,0.030862405,0.0184,1.361550399,12,CSH,Grassland,GRA,0,Cwa,Cw,Grassland,524.1738014,-0.444826163,CSH,
10753,EE-JAR-MA,58.25,27.75,0.94771928,0.0193,0.072927235,0.002,17.09866667,2.073571233,15,0.064703315,0.0074,1.909866127,15,0.104503292,0.0083,2.843492121,15,ENF,Forest,ENF,0,Dfb,Df,T&B FOR,332.0408921,0.933625994,ENF,
10753,EE-JAR-MATURE,58.25,27.75,1.19046654,0.0117,0.07179443,0.0011,17.09866667,2.050214249,15,0.069247806,4.00E-04,1.998662211,15,0.078696589,0.0997,2.196721208,15,ENF,Forest,ENF,0,Dfb,Df,T&B FOR,332.0408921,0.198058997,ENF,STAND age
10768,CH-AA1,-41.25,-72.43,0.39866961,3.00E-04,0.179561146,0,8.225135135,6.023156532,15,0.202515243,0,7.577265865,15,0.152272325,0.0035,4.584693488,15,MF,Forest,MF,0,Cfb,Cf,T&B FOR,417.4384645,-2.992572377,MF,
10768,CH-AC1,-40.17,-73.58,0.689385402,0,0.126964467,0,8.225135135,3.559587509,22,0.159632663,0,4.934871473,22,0.099370837,3.00E-04,2.701233091,22,ENF,Forest,ENF,0,Cfb,Cf,T&B FOR,396.2289787,-2.233638381,ENF,
10862,CN-NA-MED,29.25,118.25,0.374401253,3.00E-04,0.071520882,0,16.67823529,2.044613598,17,0.06069287,8.00E-04,1.83478756,10,0.135311694,0.001,3.869467668,10,EBF,Forest,MF,0,Cfa,Cf,T&B FOR,490.7690376,2.034680108,EBF,
10862,CN-NA-OLD,29.25,118.25,0.422540095,4.00E-04,0.069607922,0,16.67823529,2.005872681,17,0.052642301,0.004,1.692866101,10,0.092710952,0.0107,2.527193814,10,EBF,Forest,MF,0,Cfa,Cf,T&B FOR,490.7690376,0.834327713,EBF,
10862,CN-NA-YOUNG,29.25,118.25,0.539671135,3.00E-04,0.063883931,0,16.67823529,1.894280923,17,0.070516094,5.00E-04,2.024172431,10,0.057522224,0.0152,1.777525523,10,EBF,Forest,MF,0,Cfa,Cf,T&B FOR,490.7690376,-0.246646908,EBF,
10893,CN-HT-CT,26.75,109.75,0.549773229,0,0.063749583,0,16.52,1.891737717,24,0.063664949,0,1.89013733,24,0.063984293,0,1.896183019,24,CRO,Savanna,GRA,0,Cfa,Cf,Savanna,493.3376022,0.00604569,CRO,
10893,CN-HT-N,26.75,109.75,0.443850715,0,0.062423191,0,16.52,1.866811527,24,0.060914811,0,1.838864218,24,0.067078403,0,1.955770097,24,CRO,Savanna,GRA,0,Cfa,Cf,Savanna,493.3376022,0.116905879,CRO,
10893,CN-HT-NP,26.75,109.75,0.481054281,0,0.059924114,0,16.52,1.820736589,24,0.056403261,0,1.757746538,24,0.068894467,0,1.991612617,24,CRO,Savanna,GRA,0,Cfa,Cf,Savanna,493.3376022,0.233866079,CRO,
10893,CN-HT-P,26.75,109.75,0.427557072,0,0.066270129,0,16.52,1.940025838,24,0.067036607,0,1.954952836,24,0.064067195,0,1.897755653,24,CRO,Savanna,GRA,0,Cfa,Cf,Savanna,493.3376022,-0.057197183,CRO,
10897,BT-EH-MF,27.75,89.75,0.596434371,0,0.144602062,0,12.659375,4.246183664,16,0.109934396,0,3.002195831,16,0.207026553,0,7.926927679,16,MF,Forest,MF,0,Dwc,Dsw,T&B FOR,394.9255799,4.924731849,MF,
10962,US-IL-CK,40.25,-87.75,1.066014505,5.00E-04,0.055302858,0,15.70605263,1.738510267,38,0.054288247,0,1.720960343,38,0.056923741,0.0011,1.766919095,38,CRO,Agriculture,CRO,0,Dfa,Df,Agriculture,470.3077836,0.045958753,CRO,
10962,US-IL-CO2,40.25,-87.75,1.316806708,1.00E-04,0.054015387,0,15.70605263,1.716270919,38,0.051628284,0,1.675786895,38,0.057516775,7.00E-04,1.777428668,38,CRO,Agriculture,CRO,0,Dfa,Df,Agriculture,470.3077836,0.101641773,CRO,
10962,US-IL-WARM,40.25,-87.75,1.103664189,9.00E-04,0.054928892,0,15.70605263,1.732020971,38,0.055292537,0,1.738330844,38,0.05397144,0.0074,1.715516843,38,CRO,Agriculture,CRO,0,Dfa,Df,Agriculture,470.3077836,-0.022814002,CRO,
10962,US-IL-WARMCO2,40.25,-87.75,1.22895447,2.00E-04,0.057715603,0,15.70605263,1.780966213,38,0.059224004,0,1.808033942,38,0.054323017,0.0088,1.721558821,38,CRO,Agriculture,CRO,0,Dfa,Df,Agriculture,470.3077836,-0.086475121,CRO,
10987,KR-SFR-CK,35.25,128.25,0.677608652,1.00E-04,0.094006497,0,13.26083333,2.560147756,24,0.090879418,0,2.48132869,24,0.09892513,5.00E-04,2.689220305,24,ENF,Forest,ENF,0,Cwa,Cw,T&B FOR,413.7669809,0.207891615,ENF,
11013,CN-SHX-180KGN,34.75,108.25,0.627722956,9.00E-04,0.070234976,1.00E-04,11.7424,2.018490102,25,0.085378027,0,2.348508077,25,0.061391198,0.0159,1.847645225,25,CRO,Agriculture,CRO,0,Cwa,Cw,CRO,377.377143,-0.500862852,CRO,
11013,CN-SHX-360KGN,34.75,108.25,0.648309609,2.00E-04,0.063474982,1.00E-04,11.7424,1.88655011,25,0.084747262,0,2.333741141,25,0.04945491,0.0293,1.63975871,25,CRO,Agriculture,CRO,0,Cwa,Cw,CRO,377.377143,-0.693982431,CRO,
11013,CN-SHX-CK,34.75,108.25,0.468414657,4.00E-04,0.079936435,0,11.7424,2.224126721,25,0.075983252,0,2.137918125,25,0.083671683,0.0012,2.308774423,25,CRO,Agriculture,CRO,0,Cwa,Cw,CRO,377.377143,0.170856297,CRO,
11020,CN-SC-DAY,31.25,103.25,0.969636435,0,0.117784664,0,6.31875,3.247373913,16,0.119991561,0,3.319836761,16,0.112078317,0,3.067255456,16,GRA,Forest,MF,0,Cwb,Cw,T&B FOR,363.4046016,-0.252581305,GRA,
11054,JP-KYU,31.85,131.3,1.174678974,0,0.086796713,0,15.13083333,2.382063507,96,0.093559873,0,2.548739005,96,0.072758496,0,2.070075252,96,EBF,Forest,EBF,0,Cfa,Cf,T&B FOR,NA,-0.478663754,EBF,
11060,CN-HN-CK,33.75,112.75,0.476768442,0.0169,0.079634356,0.0028,15.05285714,2.217418235,14,0.069400318,0.0269,2.001712732,14,0.099095112,0.006,2.69379537,14,GRA,Forest,DBF,0,Cwa,Cw,T&B FOR,437.7591068,0.692082638,GRA,
11060,CN-HN-T,33.75,112.75,0.374749773,3.00E-04,0.108439488,0,15.05285714,2.957649547,14,0.078910807,0.0053,2.201432033,14,0.139688483,0,4.042586988,14,GRA,Forest,DBF,0,Cwa,Cw,T&B FOR,437.7591068,1.841154956,GRA,
11060,CN-HN-TW,33.75,112.75,0.400860861,0,0.095368391,0,15.05285714,2.595252738,14,0.077148798,1.00E-04,2.162982337,14,0.14040726,2.00E-04,4.071748867,14,GRA,Forest,DBF,0,Cwa,Cw,T&B FOR,437.7591068,1.90876653,GRA,
11060,CN-HN-W,33.75,112.75,0.517694194,0.0037,0.094981509,1.00E-04,15.05285714,2.585231577,14,0.070501445,0.0032,2.023875927,14,0.132406943,0.002,3.758686003,14,GRA,Forest,DBF,0,Cwa,Cw,T&B FOR,437.7591068,1.734810075,GRA,
11065,CN-YN-NFR,21.93,101.25,0.316507012,0,0.105131801,0,19.62621053,2.861420004,95,0.1259784,0,3.524660086,95,0.043898512,0,1.551132204,95,EBF,Forest,EF,0,Cwa,Cw,T&B FOR,495.8238151,-1.973527882,EBF,
11083,CN-HLJ-LSN,47.25,128.89,1.06111995,0,0.096762818,0,12.22040816,2.631695137,49,0.071891507,0,2.052205499,49,0.134074079,0,3.821873647,49,ENF,Forest,ENF,0,Dwc,Dsw,T&B FOR,448.9831402,1.769668148,ENF,
11113,US-ME-BAN,45.25,-68.75,1.121325909,0,0.108196582,0,12.9333871,2.950473947,62,0.094972558,0,2.585000178,62,0.12162989,0,3.374674578,62,MF,Forest,MF,0,Dfb,Df,T&B FOR,446.309899,0.7896744,MF,
11120,ES-IP-NDP,42.75,2.75,1.631148425,0,0.049718476,4.00E-04,12.6232,1.644086246,25,0.053725782,0.0014,1.711307708,25,0.040566567,0.047,1.50030087,21,OSH,Shrubland,SH,0,Cfa,Cf,Shrubland,422.1422288,-0.211006838,OSH,
11241,CN-HLJ-SAN,47.75,133.75,1.152205435,0.0681,0.062103506,0.0149,19.46409091,1.86085314,22,0.07101994,0.0355,2.034396872,22,0.05608123,0.0457,1.752095155,22,WAT,Agriculture,WAT,0,Dwb,Dsw,WATER,409.5558971,-0.282301717,WAT,MARSH
11365,CN-HB-SITE1,29.75,113.89,0.711917047,0.0046,0.063249327,1.00E-04,19.96916667,1.882297819,12,0.065885011,4.00E-04,1.932568805,12,0.05218258,0.014,1.685101497,12,WSA,Forest,EBF,0,Cfa,Cf,T&B FOR,456.3811418,-0.247467308,WSA,Moso bamboo forests
11365,CN-HB-SITE2,29.75,113.89,0.462122016,0.0092,0.07184387,1.00E-04,19.96916667,2.051228117,12,0.07109244,0,2.035872345,12,0.074759475,0.0282,2.111914222,12,WSA,Forest,EBF,0,Cfa,Cf,T&B FOR,456.3811418,0.076041877,WSA,
11368,CN-IM-Ck,43.75,116.75,0.672612471,0.1575,0.102708124,0.0145,18.23875,2.792902107,8,0.072299242,0.0484,2.060590142,8,0.167738224,0.0075,5.351528598,8,GRA,Grassland,GRA,0,Dwb,Dsw,Grassland,231.0420971,3.290938456,GRA,
11368,CN-IM-F,43.75,116.75,0.674323018,0.2448,0.106167805,0.0306,18.23875,2.891218537,8,0.079184669,0.0763,2.207469181,8,0.169797726,0.0083,5.462886188,8,GRA,Grassland,GRA,0,Dwb,Dsw,Grassland,231.0420971,3.255417007,GRA,
11368,CN-IM-W,43.75,116.75,0.930119596,0.092,0.092223916,0.0094,18.23875,2.514915379,8,0.083608334,0.0342,2.307312303,8,0.113698846,0.0034,3.117366132,8,GRA,Grassland,GRA,0,Dwb,Dsw,Grassland,231.0420971,0.81005383,GRA,
11368,CN-IM-WF,43.75,116.75,1.154033713,0.1465,0.086097638,0.0272,18.23875,2.36546917,8,0.06763794,0.0347,1.966744035,8,0.129046079,0.0373,3.634460893,8,GRA,Grassland,GRA,0,Dwb,Dsw,Grassland,231.0420971,1.667716859,GRA,
11426,CN-HU-AH,29.75,114.25,0.863332945,8.00E-04,0.051817559,1.00E-04,18.9975,1.678961736,12,0.054177229,0,1.719050826,12,0.046528655,0.0087,1.59247044,12,WSA,Forest,EBF,0,Cfa,Cf,T&B FOR,456.3811418,-0.126580386,WSA,Moso bamboo forests
11426,CN-HU-HW,29.75,114.25,0.646005971,0.0098,0.058342663,3.00E-04,18.9975,1.792169025,12,0.075095957,0,2.119032404,12,0.031294798,0.0872,1.367450392,12,WSA,Forest,EBF,0,Cfa,Cf,T&B FOR,456.3811418,-0.751582012,WSA,
11752,CN-BTM-BBM,33.75,112.25,0.720340787,0,0.091816979,0,12.21957983,2.504702067,24,0.086175585,0,2.367313701,24,0.102148295,0,2.777310338,24,EBF,Forest,MF,0,Cwa,Cw,T&B FOR,439.4947989,0.409996636,EBF,
11752,CN-BTM-NBM,33.75,112.25,0.830482529,0,0.081192137,0,12.21957983,2.252231198,23,0.069237878,0,1.998463798,23,0.101479177,0,2.758788874,23,EBF,Forest,MF,0,Cwa,Cw,T&B FOR,439.4947989,0.760325076,EBF,
11752,CN-BTM-QAO,33.75,112.25,0.747441588,6.00E-04,0.08714605,0,12.21957983,2.390399476,24,0.088438899,0,2.421504366,24,0.084659905,0.0021,2.33170334,24,EBF,Forest,MF,0,Cwa,Cw,T&B FOR,439.4947989,-0.089801026,EBF,
11752,CN-BTM-QAY,33.75,112.25,0.855126198,1.00E-04,0.095157011,0,12.21957983,2.589772692,24,0.084778406,0,2.334468069,24,0.105126241,0,2.86126092,24,EBF,Forest,MF,0,Cwa,Cw,T&B FOR,439.4947989,0.526792851,EBF,
11752,CN-BTM-QVS,33.75,112.25,0.942602662,1.00E-04,0.077931573,0,12.21957983,2.179980065,24,0.071953569,0,2.053479536,24,0.086562486,0,2.376490589,24,EBF,Forest,MF,0,Cwa,Cw,T&B FOR,439.4947989,0.323011053,EBF,
11803,CN-SMY-DXM,39.25,110.75,0.647092244,8.00E-04,0.037760876,0.003,16.18916667,1.458792095,8,0.039258143,0.0227,1.480798439,8,0.037196215,0.0423,1.450578073,8,CRO,Grassland,GRA,0,BSk,B,Grassland,238.8843658,-0.030220366,CRO,
11803,CN-SMY-HUD,39.25,110.75,0.494417206,0.0064,0.057467579,0.0025,16.18916667,1.776554459,8,0.039258143,0.0227,1.480798439,8,0.072116568,0.0123,2.056829423,8,CRO,Grassland,GRA,0,BSk,B,Grassland,238.8843658,0.576030983,CRO,
11803,CN-SMY-NIT,39.25,110.75,0.866890716,0.0244,0.04341244,0.0375,16.18916667,1.543610887,8,0.039258143,0.0227,1.480798439,8,0.04522278,0.0913,1.571809964,8,CRO,Grassland,GRA,0,BSk,B,Grassland,238.8843658,0.091011525,CRO,
11803,CN-SMY-SLH,39.25,110.75,0.259050649,0.0361,0.071143143,0.0038,16.18916667,2.036904853,8,0.039252589,0.0188,1.480716204,8,0.105789362,0.0063,2.880297588,8,CRO,Grassland,GRA,0,BSk,B,Grassland,238.8843658,1.399581384,CRO,
11803,CN-SMY-SXM,39.25,110.75,0.543323412,0.0132,0.051877317,0.0059,16.18916667,1.679965347,8,0.039252589,0.0188,1.480716204,8,0.058417319,0.0298,1.79350748,8,CRO,NA,NA,NA,NA,NA,NA,NA,0.312791276,CRO,
11803,CN-SMY-TER,39.25,110.75,0.125735692,0.082,0.082920569,8.00E-04,16.18916667,2.29149785,8,0.027234444,0.0228,1.313039191,8,0.135541619,0.0047,3.878374745,8,CRO,NA,NA,NA,NA,NA,NA,NA,2.565335554,CRO,
11803,CN-SMY-XUM,39.25,110.75,0.814759438,0.0059,0.047644587,0.0063,16.18916667,1.610340854,8,0.039258143,0.0227,1.480798439,8,0.050910126,0.0107,1.663795202,8,CRO,NA,NA,NA,NA,NA,NA,NA,0.182996763,CRO,
11821,CN-TJL-CK,28.25,113.25,0.338630235,0,0.065094317,0,18.45638298,1.917348363,47,0.074730875,0,2.111310309,47,0.036276952,0.0336,1.437304547,47,ENF,Savanna,GRA,0,Cfa,Cf,Savanna,455.1823477,-0.674005762,ENF,
11897,US-ONF-NAR,27.75,-81.75,0.45742177,3.00E-04,0.098989738,0,20.69041667,2.69095831,24,0.10103393,0,2.746532763,24,0.097189076,0,2.642936899,24,GRA,Agriculture,CRO,0,Cfa,Cf,Agriculture,529.5233672,-0.103595863,GRA,
11903,CN-LJS-CK,29.75,103.25,0.267159972,0.0023,0.091163865,0,15.2,2.488396817,12,0.076106846,5.00E-04,2.140562103,12,0.108494633,4.00E-04,2.959280983,12,EBF,Forest,MF,0,Cwa,Cw,T&B FOR,379.6085802,0.818718879,EBF,
11933,CN-OFX,40.75,81.25,0.350915765,0.0012,0.089589678,0,20.419,2.449531504,10,0.071315292,0.0072,2.0404144,10,0.094434581,0,2.571130825,10,CRO,Desert,BSV,1,BWk,B,Desert,166.3123585,0.530716425,CRO,
11941,CN-SHB-MAT,42.75,117.25,0.690339623,0,0.120284669,0,10.5225,3.329581747,12,0.12884695,0,3.627230838,12,0.098819984,0.0301,2.686394165,12,MF,Grassland,GRA,0,Dwb,Dsw,Grassland,268.0734162,-0.940836673,MF,
11941,CN-SHB-SAP,42.75,117.25,0.690339623,0,0.120284669,0,10.5225,3.329581747,12,0.128038751,0,3.598033715,12,0.109328639,7.00E-04,2.984064764,12,MF,Grassland,GRA,0,Dwb,Dsw,Grassland,268.0734162,-0.613968951,MF,
11941,CN-SHB-YOU,42.75,117.25,0.690339623,0,0.120284669,0,10.5225,3.329581747,12,0.11396317,0,3.125616985,12,0.133781452,0.0035,3.810706174,12,MF,Grassland,GRA,0,Dwb,Dsw,Grassland,268.0734162,0.685089189,MF,
11944,CN-SHB-CK,42.75,117.25,0.716855904,0.0033,0.121741836,1.00E-04,9.7025,3.378454515,12,0.102426708,4.00E-04,2.7850535,12,0.165611578,0,5.238922164,12,MF,Grassland,GRA,0,Dwb,Dsw,Grassland,268.0734162,2.453868664,MF,
12140,CN-HB-EBF,31.75,110.75,0.269087648,0,0.111114677,0,10.18165289,3.037840115,29,0.118214375,0,3.261358245,29,0.067233152,0.0017,1.958798972,26,EBF,Forest,MF,0,Cfa,Cf,T&B FOR,409.9453407,-1.302559273,EBF,
12140,CN-HB-MF,31.75,110.75,0.462624144,0,0.115993975,0,10.18165289,3.189741102,36,0.12465046,0,3.478164094,36,0.085993321,6.00E-04,2.363002863,32,EBF,Forest,MF,0,Cfa,Cf,T&B FOR,409.9453407,-1.115161231,EBF,
12184,CN-YN-PREC,21.75,101.25,0.42698325,0.0096,0.082033435,0,21.1775,2.271259098,44,0.07510818,1.00E-04,2.119291418,44,0.094210492,0.0275,2.56537565,41,EBF,Forest,EF,0,Cwa,Cw,T&B FOR,514.9217577,0.446084232,EBF,
12208,CN-HN-UR0T0,27.25,109.75,0.647518235,0,0.056956866,0,NA,1.767504494,23,0.053894537,0,1.714198071,23,0.060029015,0.0108,1.822647562,23,EBF,Savanna,GRA,0,Cfa,Cf,Savanna,427.7651099,0.108449491,EBF,
12208,CN-HN-UR0T1,27.25,109.75,0.778156557,0,0.04983129,0,NA,1.645942056,23,0.039398071,1.00E-04,1.482871941,23,0.066596078,3.00E-04,1.94635964,23,EBF,Savanna,GRA,0,Cfa,Cf,Savanna,427.7651099,0.463487699,EBF,
12208,CN-HN-UR1T0,27.25,109.75,0.666718613,0,0.055992173,0,NA,1.750535483,23,0.051852871,0,1.679554715,23,0.064920493,5.00E-04,1.914018441,23,EBF,Savanna,GRA,0,Cfa,Cf,Savanna,427.7651099,0.234463726,EBF,
12208,CN-HN-UR1T1,27.25,109.75,0.711393778,0,0.054799043,0,NA,1.729773427,23,0.048819488,0,1.629372349,23,0.070602172,0.0082,2.025915555,23,EBF,Savanna,GRA,0,Cfa,Cf,Savanna,427.7651099,0.396543207,EBF,
12274,US-FL-CFW,29.75,-82.25,2.449838898,1.00E-04,0.020686437,0.0013,27.953125,1.229815767,16,0.019694041,0.0015,1.217671474,16,0.026055653,0.0223,1.297652073,16,ENF,Savanna,GRA,0,Cfa,Cf,Savanna,529.9710511,0.079980599,ENF,
12639,CN-INM-P,44.75,117.75,0.867658006,1.00E-04,0.087701139,0,NA,2.403705231,47,0.072898233,0.0012,2.072969931,47,0.102743413,0,2.79388789,47,GRA,Grassland,GRA,0,Dwb,Dsw,Grassland,280.1284093,0.720917959,GRA,
12639,CN-INM-PPLUS30,44.75,117.75,0.883221994,0,0.094208736,0,NA,2.565330589,47,0.07601588,3.00E-04,2.138615809,47,0.11512257,0,3.162066275,47,GRA,Grassland,GRA,0,Dwb,Dsw,Grassland,280.1284093,1.023450466,GRA,
12639,CN-INM-PPLUS60,44.75,117.75,0.865511814,0,0.096788964,0,NA,2.632383321,47,0.080846675,0,2.244464017,47,0.117329649,0,3.232631425,47,GRA,Grassland,GRA,0,Dwb,Dsw,Grassland,280.1284093,0.988167408,GRA,
12707,CN-TB-FIRCK,29.75,98.75,0.467284515,2.00E-04,0.091394311,9.00E-04,7.226875,2.494137828,12,0.055120944,0.0171,1.735350552,12,0.131396154,0.001,3.720884987,12,ENF,Grassland,GRA,0,Cwb,Cw,Grassland,383.3206677,1.985534435,ENF,
12707,CN-TB-FIRHN,29.75,98.75,0.477541126,0.0012,0.092881527,0.0041,7.226875,2.53150824,12,0.070797299,0.0268,2.029872517,12,0.120055299,0.022,3.321953407,12,ENF,Grassland,GRA,0,Cwb,Cw,Grassland,383.3206677,1.29208089,ENF,
12707,CN-TB-FIRLN,29.75,98.75,0.570047454,3.00E-04,0.11812896,2.00E-04,7.226875,3.258573745,12,0.109859307,5.00E-04,2.99994235,12,0.126957165,6.00E-04,3.55932759,12,ENF,Grassland,GRA,0,Cwb,Cw,Grassland,383.3206677,0.559385239,ENF,
12707,CN-TB-FIRMN,29.75,98.75,0.610530749,4.00E-04,0.086228053,0.0039,7.226875,2.368556092,12,0.067663081,0.0759,1.967238547,12,0.110494486,0.0066,3.019057982,12,ENF,Grassland,GRA,0,Cwb,Cw,Grassland,383.3206677,1.051819436,ENF,
12707,CN-TB-SPRUCELN,29.75,98.75,0.316029549,0.0455,0.140876998,0.0028,7.226875,4.090920403,12,0.152434958,0.0055,4.592155758,12,0.112218701,0.0775,3.071564394,12,ENF,Grassland,GRA,0,Cwb,Cw,Grassland,383.3206677,-1.520591363,ENF,
12707,CN-TB-SPRUCEMN,29.75,98.75,0.537108481,0.0151,0.098824704,0.0073,7.226875,2.686520967,12,0.124984124,0.0237,3.489788863,12,0.066282742,0.0705,1.940270539,12,ENF,Grassland,GRA,0,Cwb,Cw,Grassland,383.3206677,-1.549518324,ENF,
13095,EE-TTU-FOR,58.75,27.25,0.499459128,0,0.152831493,0,5.733333333,4.610401406,12,0.127376421,0,3.57428163,12,0.215105852,0,8.593950445,12,ENF,Wetland,WAT,0,Dfb,Df,Wetland,371.17158,5.019668815,ENF,
13102,13102-CK-Untrenched,36.75,112.25,0.628196359,0,0.092347327,0,12.36541667,2.518020992,60,0.094530064,0,2.573586995,60,0.082308304,0.0077,2.277510679,60,ENF,Forest,ENF,0,Dwb,Dsw,T&B FOR,377.2075563,-0.296076315,ENF,
13102,13102-HT-Untrenched,36.75,112.25,0.628818054,0,0.086006486,0,12.36541667,2.363313983,60,0.097696145,0,2.656372446,60,0.047695577,0.0129,1.611162184,60,ENF,Forest,ENF,0,Dwb,Dsw,T&B FOR,377.2075563,-1.045210262,ENF,
13102,13102-MT-Untrenched,36.75,112.25,0.656109255,0,0.098313984,0,12.36541667,2.672835363,60,0.098415385,0,2.675547016,60,0.120281827,0,3.329487092,60,ENF,Forest,ENF,0,Dwb,Dsw,T&B FOR,377.2075563,0.653940076,ENF,
13150,CN-HEBEI-N120,39.75,116.75,1.159282536,0.1435,0.060594027,0.0324,23.4695,1.832974886,10,0.064120436,0.0969,1.898766302,10,0.042408415,0.0476,1.528190192,10,CRO,Agriculture,CRO,0,Dwa,Dsw,Agriculture,393.7754545,-0.370576109,CRO,
13150,CN-HEBEI-N240,39.75,116.75,1.040802981,0.0915,0.067003771,0.0088,23.4695,1.954311023,10,0.077191367,0.049,2.1639033,10,0.04600776,0.0546,1.584196908,10,CRO,Agriculture,CRO,0,Dwa,Dsw,Agriculture,393.7754545,-0.579706392,CRO,
13150,CN-HEBEI-NO,39.75,116.75,0.90565759,0.0971,0.063109109,0.0136,23.4695,1.879660349,10,0.062556101,0.059,1.869294356,10,0.068022199,0.0869,1.974315965,10,CRO,Agriculture,CRO,0,Dwa,Dsw,Agriculture,393.7754545,0.105021609,CRO,
13451,CN-TB-CK,33.25,103.75,1.006584583,0.0025,0.067202541,0.0192,4.22,1.958199463,6,0.053493351,0.0085,1.707334724,6,0.099243588,0.0912,2.697797996,6,CSH,Grassland,GRA,0,Dwb,Dsw,Grassland,414.8642557,0.990463273,CSH,
13451,CN-TB-WARM,33.25,103.75,1.307883264,0.0013,0.050577768,0.0309,4.22,1.65827463,6,0.042575493,0.0598,1.530745583,6,0.0837404,0.0087,2.310361493,6,CSH,Grassland,GRA,0,Dwb,Dsw,Grassland,414.8642557,0.779615911,CSH,
13628,CN-SICHUAN-CK,29.75,103.25,0.604877305,5.00E-04,0.099637696,0,10.87323361,2.708451208,12,0.076763651,0.0015,2.154667702,12,0.146033863,0.0246,4.307417884,12,EBF,Forest,MF,0,Cwa,Cw,T&B FOR,379.6085802,2.152750183,EBF,
13628,CN-SICHUAN-LN,29.75,103.25,0.447256949,3.00E-04,0.103853689,0,10.87323361,2.825080573,12,0.067434708,4.00E-04,1.962751029,12,0.1907544,0,6.736523571,12,EBF,Forest,MF,0,Cwa,Cw,T&B FOR,379.6085802,4.773772543,EBF,
13702,CN-SX-ICK,36.75,112.25,1.126725697,0,0.062402005,0,11.15955645,1.866416069,62,0.05654189,4.00E-04,1.760184969,62,0.082114766,0.0089,2.273107106,62,DNF,Forest,MF,0,Dwb,Dsw,T&B FOR,377.2075563,0.512922137,DNF,
13702,CN-SX-IHN,36.75,112.25,1.360657149,0,0.060525103,1.00E-04,11.15955645,1.83171196,62,0.047116308,0.0028,1.601856199,62,0.07640672,2.00E-04,2.146990728,62,DNF,Forest,MF,0,Dwb,Dsw,T&B FOR,377.2075563,0.545134529,DNF,
13702,CN-SX-ILN,36.75,112.25,1.213829401,0,0.056838756,1.00E-04,11.15955645,1.765418119,62,0.048055283,0.0022,1.616968066,62,0.072039039,5.00E-04,2.055235401,62,DNF,Forest,MF,0,Dwb,Dsw,T&B FOR,377.2075563,0.438267335,DNF,
13702,CN-SX-IMN,36.75,112.25,1.254890501,0,0.0567767,3.00E-04,11.15955645,1.764322909,62,0.03428855,0.0198,1.409007428,62,0.084419864,8.00E-04,2.326113018,62,DNF,Forest,MF,0,Dwb,Dsw,T&B FOR,377.2075563,0.91710559,DNF,
13816,CN-CH-LD,44.75,123.75,0.256128924,0.0726,0.095271034,0.0011,20.31041667,2.592727326,20,0.056285932,0.0069,1.755685403,20,0.155362645,0.003,4.728587095,20,GRA,Agriculture,CRO,0,Dwa,Dsw,Agriculture,277.4195724,2.972901692,GRA,
13816,CN-CH-MD,44.75,123.75,0.133444179,0.0461,0.111947441,0,20.31041667,3.063243764,20,0.076792734,4.00E-04,2.155294428,20,0.16939822,4.00E-04,5.441105185,20,GRA,Agriculture,CRO,0,Dwa,Dsw,Agriculture,277.4195724,3.285810758,GRA,
13816,CN-CH-SD,44.75,123.75,0.093172198,0.1631,0.109327015,0.0012,20.31041667,2.98401632,20,0.074817487,0.0032,2.113139748,20,0.15764586,0.005,4.837792869,20,GRA,Agriculture,CRO,0,Dwa,Dsw,Agriculture,277.4195724,2.724653121,GRA,
13816,CN-LE-LD,44.75,123.75,0.977857797,0.0048,0.056315379,0.0018,20.31041667,1.756202467,20,0.056344812,8.00E-04,1.756719449,20,0.056276949,0.0322,1.755527687,20,GRA,Agriculture,CRO,0,Dwa,Dsw,Agriculture,277.4195724,-0.001191762,GRA,
13816,CN-LE-MD,44.75,123.75,0.740640609,0.013,0.056576191,0.0036,20.31041667,1.760788839,20,0.057528744,0.001,1.777641423,20,0.055227619,0.05,1.737202718,20,GRA,Agriculture,CRO,0,Dwa,Dsw,Agriculture,277.4195724,-0.040438706,GRA,
13816,CN-LE-SD,44.75,123.75,0.528948692,0.0277,0.061127329,0.0038,20.31041667,1.842776294,20,0.05990074,8.00E-04,1.820311072,20,0.062865196,0.0396,1.875081199,20,GRA,Agriculture,CRO,0,Dwa,Dsw,Agriculture,277.4195724,0.054770127,GRA,
13908,CN-ZHWJ-HPU,30.25,120.25,1.021575959,9.00E-04,0.079244972,0,16.08758621,2.208800753,20,0.054515979,0,1.724883988,20,0.104013412,1.00E-04,2.829596485,20,CVM,Agriculture,CRO,0,Cfa,Cf,Agriculture,417.8416568,1.104712498,PLANTATION,
13908,CN-ZHWJ-LPU,30.25,120.25,1.009427334,0,0.058017838,0,16.08758621,1.786357052,19,0.058077828,0,1.78742901,19,0.057958103,0,1.785290293,19,CVM,Agriculture,CRO,0,Cfa,Cf,Agriculture,417.8416568,-0.002138716,PLANTATION,
13908,CN-ZHWJ-MPU,30.25,120.25,1.060293139,2.00E-04,0.074507718,0,16.08758621,2.106604022,19,0.053475231,5.00E-04,1.707025383,19,0.094400495,0,2.570254576,19,CVM,Agriculture,CRO,0,Cfa,Cf,Agriculture,417.8416568,0.863229193,PLANTATION,
14104,CN-NX-CK,36.25,106.75,1.497073979,0,0.032988486,4.00E-04,15.19109589,1.390807987,73,0.021381568,0.0027,1.238394376,73,0.043060047,0.0064,1.538180876,73,GRA,Grassland,GRA,0,Dwb,Dsw,Grassland,241.6628702,0.299786499,GRA,
14104,CN-NX-LN,36.25,106.75,1.520954949,0,0.027027332,0.004,15.19109589,1.310322536,73,0.023094845,8.00E-04,1.259794289,73,0.031177403,0.0465,1.365846021,73,GRA,Grassland,GRA,0,Dwb,Dsw,Grassland,241.6628702,0.106051732,GRA,
14153,CN-HEBEI-CK,31.25,111.25,1.103673513,0,0.057989061,0,15.183375,1.785843064,40,0.067970926,0,1.973303937,40,0.045120678,0,1.570205934,40,ENF,Forest,MF,0,Cfa,Cf,T&B FOR,434.4099752,-0.403098002,ENF,
14153,CN-HEBEI-HT,31.25,111.25,1.128348316,2.00E-04,0.067026785,0,15.183375,1.954760842,40,0.065884723,0,1.932563245,40,0.069569324,0,2.005098616,40,ENF,Forest,MF,0,Cfa,Cf,T&B FOR,434.4099752,0.072535371,ENF,
14153,CN-HEBEI-LT,31.25,111.25,1.082461429,0,0.073910024,0,15.183375,2.094050534,40,0.087313666,0,2.394409546,40,0.050991175,1.00E-04,1.665144242,40,ENF,Forest,MF,0,Cfa,Cf,T&B FOR,434.4099752,-0.729265304,ENF,
14153,CN-HEBEI-UR,31.25,111.25,1.023539641,0,0.052023896,0,15.183375,1.682429637,40,0.050111894,0,1.650567122,40,0.054202321,0,1.71948222,40,ENF,Forest,MF,0,Cfa,Cf,T&B FOR,434.4099752,0.068915098,ENF,
